City_ID,City,Country,Lat,Lng,Max Temp,Humidity,Cloudiness,Wind Speed,Current Description
0,Chapais,CA,49.7834,-74.8492,31.78,99,100,7.76,overcast clouds
1,Ushuaia,AR,-54.8,-68.3,42.46,81,75,27.63,light rain
2,Mar Del Plata,AR,-38.0023,-57.5575,69.1,64,0,18.41,clear sky
3,Damavand,IR,35.7178,52.065,23.86,67,0,4.43,clear sky
4,Saint-Philippe,RE,-21.3585,55.7679,80.19,74,18,5.06,few clouds
5,Cape Town,ZA,-33.9258,18.4232,65.37,54,89,13.0,overcast clouds
6,Khatanga,RU,71.9667,102.5,-14.3,95,97,14.5,overcast clouds
7,Rikitea,PF,-23.1203,-134.9692,78.26,69,100,4.9,overcast clouds
8,Busselton,AU,-33.65,115.3333,84.74,38,0,8.95,clear sky
9,Tiksi,RU,71.6872,128.8694,-9.15,94,100,9.57,overcast clouds
10,East London,ZA,-33.0153,27.9116,59.94,82,40,6.91,scattered clouds
11,Millbrook,US,32.4799,-86.3619,58.35,71,0,6.91,clear sky
12,Souillac,MU,-20.5167,57.5167,79.18,73,40,2.3,scattered clouds
13,Cabo San Lucas,MX,22.8909,-109.9124,69.51,75,48,4.0,scattered clouds
14,Tuktoyaktuk,CA,69.4541,-133.0374,-2.2,78,100,6.91,overcast clouds
15,Oranjemund,NA,-28.55,16.4333,59.59,76,0,8.81,clear sky
16,Micheweni,TZ,-4.9667,39.8333,80.78,76,79,9.44,broken clouds
17,Kapaa,US,22.0752,-159.319,75.18,89,100,11.5,overcast clouds
18,Wagar,SD,16.1525,36.2032,66.31,76,0,7.54,clear sky
19,Carnarvon,AU,-24.8667,113.6333,88.79,38,0,15.39,clear sky
20,Bluff,NZ,-46.6,168.3333,56.37,58,31,10.42,scattered clouds
21,Rawson,AR,-43.3002,-65.1023,62.87,62,95,11.92,overcast clouds
22,Kindu,CD,-2.95,25.95,66.36,98,100,2.68,overcast clouds
23,Vestmannaeyjar,IS,63.4427,-20.2734,21.22,63,4,20.27,clear sky
24,Hermanus,ZA,-34.4187,19.2345,56.8,59,91,17.43,overcast clouds
25,Sorland,NO,67.667,12.6934,39.06,66,100,28.7,light rain
26,Charters Towers,AU,-20.1,146.2667,93.04,24,84,7.92,broken clouds
27,Hilo,US,19.7297,-155.09,73.26,85,40,5.75,scattered clouds
28,Chuy,UY,-33.6971,-53.4616,58.12,77,0,4.63,clear sky
29,Hasaki,JP,35.7333,140.8333,53.22,38,100,2.15,overcast clouds
30,Yellowknife,CA,62.456,-114.3525,5.56,85,100,9.22,light snow
31,Leningradskiy,RU,69.3833,178.4167,-17.57,91,100,11.77,overcast clouds
32,Mataura,NZ,-46.1927,168.8643,66.74,34,24,6.02,few clouds
33,Puerto Ayora,EC,-0.7393,-90.3518,72.55,96,43,5.53,scattered clouds
34,Albany,US,42.6001,-73.9662,43.21,67,100,2.19,overcast clouds
35,Longyearbyen,SJ,78.2186,15.6401,22.84,68,40,14.97,light snow
36,Honningsvag,NO,70.9821,25.9704,29.95,55,40,19.57,scattered clouds
37,Ribeira Grande,PT,38.5167,-28.7,62.78,94,100,25.01,moderate rain
38,Aksarka,RU,66.5606,67.7975,-21.53,100,95,4.32,overcast clouds
39,Namibe,AO,-15.1961,12.1522,72.43,81,100,7.34,overcast clouds
40,Los Llanos De Aridane,ES,28.6585,-17.9182,62.35,57,0,10.36,clear sky
41,Nemuro,JP,43.3236,145.575,30.42,59,38,17.52,scattered clouds
42,Atuona,PF,-9.8,-139.0333,78.01,74,15,13.47,light rain
43,Seoul,KR,37.5683,126.9778,36.79,44,0,4.61,clear sky
44,Dikson,RU,73.5069,80.5464,-16.4,98,99,19.77,overcast clouds
45,Hobart,AU,-42.8794,147.3294,73.27,57,75,16.11,broken clouds
46,Georgetown,MY,5.4112,100.3354,84.88,66,20,10.36,few clouds
47,Guerrero Negro,MX,27.9769,-114.0611,59.38,85,27,9.15,scattered clouds
48,Tuatapere,NZ,-46.1333,167.6833,60.62,49,34,8.01,scattered clouds
49,Karratha,AU,-20.7377,116.8463,99.55,31,19,7.09,few clouds
50,Colac,AU,-38.3333,143.5833,74.17,49,73,5.35,broken clouds
51,Victoria,HK,22.2855,114.1577,66.2,65,6,11.01,clear sky
52,Nokaneng,BW,-19.6667,22.2667,77.99,46,98,3.89,overcast clouds
53,Camacha,PT,33.0833,-16.3333,62.02,82,20,9.22,few clouds
54,Kamenka,RU,51.3223,42.7678,29.55,98,99,11.12,light snow
55,Esperance,AU,-33.8667,121.9,80.11,46,0,13.73,clear sky
56,Nuuk,GL,64.1835,-51.7216,9.32,88,65,7.14,broken clouds
57,Fortuna,US,40.5982,-124.1573,53.98,95,100,20.71,overcast clouds
58,Upernavik,GL,72.7868,-56.1549,-8.95,89,100,5.26,overcast clouds
59,Rosita,NI,13.9268,-84.4032,69.1,99,4,1.95,clear sky
60,Torbay,CA,47.6666,-52.7314,22.75,80,73,10.0,broken clouds
61,Nizhniy Kuranakh,RU,58.8353,125.4869,-0.38,94,100,5.35,overcast clouds
62,Port Lincoln,AU,-34.7333,135.8667,67.03,55,1,14.34,clear sky
63,Carutapera,BR,-1.195,-46.02,75.63,92,98,4.99,overcast clouds
64,Castro,BR,-24.7911,-50.0119,59.2,97,1,5.99,clear sky
65,Ostrovnoy,RU,68.0531,39.5131,18.93,88,13,17.16,few clouds
66,Cap Malheureux,MU,-19.9842,57.6142,82.47,60,5,5.01,clear sky
67,Port Alfred,ZA,-33.5906,26.891,59.18,94,41,3.38,scattered clouds
68,Yar-Sale,RU,66.8333,70.8333,-24.61,100,92,3.6,overcast clouds
69,Airai,TL,-8.9266,125.4092,66.4,83,100,6.76,overcast clouds
70,Malatya,TR,38.5,38.0,19.45,93,0,5.75,clear sky
71,Qaanaaq,GL,77.484,-69.3632,-25.58,72,21,5.91,few clouds
72,Ancud,CL,-41.8697,-73.8203,50.92,91,45,2.73,scattered clouds
73,Castlemaine,AU,-37.0667,144.2167,83.98,27,58,8.23,broken clouds
74,Rodino,RU,52.5,80.25,2.3,98,100,3.22,overcast clouds
75,Kirando,TZ,-7.4167,30.6,69.26,90,100,4.56,light rain
76,Jaguarao,BR,-32.5661,-53.3758,57.79,74,0,6.49,clear sky
77,Nalut,LY,30.3333,10.85,49.12,45,40,6.58,scattered clouds
78,Barrow,US,71.2906,-156.7887,-2.18,78,100,14.97,light snow
79,Karpathos,GR,35.507,27.2132,57.16,88,3,4.61,clear sky
80,Urdoma,RU,61.7533,48.5442,14.79,95,100,5.41,light snow
81,Pierre,US,44.3683,-100.351,27.52,81,100,7.0,overcast clouds
82,Lavrentiya,RU,65.5833,-171.0,-9.22,86,83,9.89,broken clouds
83,Arraial Do Cabo,BR,-22.9661,-42.0278,72.14,93,100,2.66,overcast clouds
84,Hithadhoo,MV,-0.6,73.0833,79.86,75,54,4.72,broken clouds
85,Tura,IN,25.5198,90.2201,67.1,41,1,2.01,clear sky
86,Asau,RO,46.4333,26.4,29.32,85,65,6.51,broken clouds
87,Sao Joao Da Barra,BR,-21.6403,-41.0511,72.14,96,100,7.2,overcast clouds
88,Punta Arenas,CL,-53.15,-70.9167,46.51,66,75,19.57,broken clouds
89,Udachnyy,RU,66.4167,112.4,-16.58,96,100,12.84,overcast clouds
90,Vaini,TO,-21.2,-175.2,75.36,94,100,9.22,moderate rain
91,Kupang,ID,-10.1667,123.5833,88.38,74,75,20.71,broken clouds
92,Kabalo,CD,-6.05,26.9167,67.06,99,100,2.37,overcast clouds
93,Deep River,CA,46.1001,-77.4995,39.94,100,100,4.72,overcast clouds
94,Katsuura,JP,35.1333,140.3,49.42,43,93,4.74,overcast clouds
95,Provideniya,RU,64.3833,-173.3,3.31,72,40,8.95,scattered clouds
96,Atar,MR,20.5169,-13.0499,71.69,26,35,31.63,scattered clouds
97,Lompoc,US,34.6391,-120.4579,56.12,88,100,4.61,overcast clouds
98,Chor,PK,25.5167,69.7667,67.82,28,0,14.7,clear sky
99,Coos Bay,US,43.3665,-124.2179,55.15,100,100,11.5,mist
100,Port Hueneme,US,34.1478,-119.1951,56.95,94,100,4.61,mist
101,Vila Franca Do Campo,PT,37.7167,-25.4333,63.01,87,100,23.87,overcast clouds
102,Broken Hill,AU,-31.95,141.4333,87.44,26,35,8.19,scattered clouds
103,Ixtapa,MX,20.7,-105.2,70.83,73,20,0.0,few clouds
104,Lebu,CL,-37.6167,-73.65,57.33,91,0,20.76,clear sky
105,Kuri,KR,37.5986,127.1394,37.08,62,56,3.89,broken clouds
106,Bemidji,US,47.4736,-94.8803,17.37,100,100,8.05,overcast clouds
107,Tasiilaq,GL,65.6145,-37.6368,6.96,72,11,6.13,few clouds
108,Kaifeng,CN,34.7911,114.3483,42.73,23,1,5.84,clear sky
109,Susuman,RU,62.7833,148.1667,-24.84,99,100,0.67,overcast clouds
110,Muyezerskiy,RU,63.9333,31.65,17.98,93,98,12.06,overcast clouds
111,Mahebourg,MU,-20.4081,57.7,82.26,73,40,2.3,scattered clouds
112,Minudasht,IR,37.2289,55.3747,42.37,93,75,0.0,broken clouds
113,Poienile De Sub Munte,RO,47.8167,24.4333,36.19,94,100,0.89,overcast clouds
114,Nanortalik,GL,60.1432,-45.2371,17.17,79,6,7.72,clear sky
115,Bangolo,CI,7.0069,-7.475,67.42,66,30,1.72,scattered clouds
116,Cherskiy,RU,68.75,161.3,-45.0,100,87,4.21,overcast clouds
117,Kasama,ZM,-10.2129,31.1808,60.98,98,100,3.13,overcast clouds
118,Chernyshevskiy,RU,63.0128,112.4714,-35.46,100,37,3.15,scattered clouds
119,Praia Da Vitoria,PT,38.7333,-27.0667,62.85,88,100,34.52,light rain
120,Krasnoselkup,RU,65.7,82.4667,-16.83,100,86,7.05,overcast clouds
121,Awjilah,LY,29.1081,21.2869,54.0,86,1,6.46,clear sky
122,Butaritari,KI,3.0707,172.7902,81.28,75,76,13.47,broken clouds
123,Herran,CO,7.5061,-72.4833,59.2,98,86,1.81,overcast clouds
124,Makinsk,KZ,52.6292,70.4169,8.22,96,98,3.89,overcast clouds
125,Avarua,CK,-21.2078,-159.775,82.45,83,75,5.75,broken clouds
126,Geraldton,AU,-28.7667,114.6,79.21,65,0,16.11,clear sky
127,Richards Bay,ZA,-28.783,32.0377,68.11,88,100,15.41,light rain
128,Puerto Del Rosario,ES,28.5004,-13.8627,60.55,72,0,4.61,clear sky
129,Bredasdorp,ZA,-34.5322,20.0403,59.38,56,99,10.78,overcast clouds
130,San Quintin,MX,30.4833,-115.95,58.37,74,33,10.2,scattered clouds
131,Faanui,PF,-16.4833,-151.75,81.45,73,23,13.51,few clouds
132,Makakilo City,US,21.3469,-158.0858,75.52,70,100,4.61,overcast clouds
133,Comodoro Rivadavia,AR,-45.8667,-67.5,66.06,24,0,11.5,clear sky
134,Sao Filipe,CV,14.8961,-24.4956,71.33,65,27,7.4,scattered clouds
135,Manzanillo,CU,20.3433,-77.1167,72.55,82,14,5.12,few clouds
136,Farmington,US,36.7281,-108.2187,34.48,73,100,7.0,overcast clouds
137,Carmen,MX,18.6333,-91.8333,76.87,83,53,11.23,broken clouds
138,Necochea,AR,-38.5473,-58.7368,61.92,73,18,2.68,few clouds
139,Saskylakh,RU,71.9167,114.0833,-1.16,88,100,22.86,overcast clouds
140,Peniche,PT,39.3558,-9.3811,63.1,89,100,21.09,overcast clouds
141,Cidreira,BR,-30.1811,-50.2056,66.24,69,0,8.21,clear sky
142,Pevek,RU,69.7008,170.3133,-29.61,100,100,4.05,overcast clouds
143,Jamestown,US,42.097,-79.2353,51.44,76,100,6.91,overcast clouds
144,Nalgonda,IN,17.05,79.2667,79.0,52,7,3.83,clear sky
145,Tubuala,PA,9.5167,-79.0333,79.61,82,84,13.4,light rain
146,Thompson,CA,55.7435,-97.8558,5.16,85,100,6.91,light snow
147,Hofn,IS,64.2539,-15.2082,17.49,69,16,19.86,few clouds
148,Olbia,IT,40.9214,9.4856,51.85,82,0,2.3,clear sky
149,Isla Vista,US,34.4133,-119.861,57.83,87,100,3.44,overcast clouds
150,Shache,CN,38.4167,77.2406,27.72,40,100,3.09,overcast clouds
151,Hobyo,SO,5.3505,48.5268,77.67,74,14,16.37,few clouds
152,Kargil,IN,34.5667,76.1,18.39,91,100,3.85,light snow
153,San Patricio,US,28.017,-97.5169,69.84,91,100,5.41,overcast clouds
154,Norman Wells,CA,65.282,-126.8329,-18.36,76,20,3.44,few clouds
155,Klaksvik,FO,62.2266,-6.589,32.92,69,93,23.47,overcast clouds
156,Constitucion,CL,-35.3333,-72.4167,57.25,82,0,6.24,clear sky
157,Chokurdakh,RU,70.6333,147.9167,-42.2,100,87,6.6,overcast clouds
158,Ingham,US,42.6,-84.3833,53.22,86,100,8.05,overcast clouds
159,Sinnamary,GF,5.3833,-52.95,75.96,88,90,7.38,overcast clouds
160,Antofagasta,CL,-23.65,-70.4,63.68,83,40,2.77,scattered clouds
161,Tromso,NO,69.6496,18.957,33.82,60,20,28.77,few clouds
162,Marfino,RU,55.7028,37.3822,30.45,100,100,6.71,mist
163,Bougouni,ML,11.417,-7.479,69.33,24,100,5.35,overcast clouds
164,Dobric,RS,44.7019,19.5814,40.8,73,13,4.47,few clouds
165,New Norfolk,AU,-42.7826,147.0587,72.91,39,7,1.99,clear sky
166,Samarai,PG,-10.6167,150.6667,84.0,70,100,11.25,overcast clouds
167,Kodiak,US,57.79,-152.4072,38.71,93,100,14.97,light rain
168,Ponta Do Sol,PT,32.6667,-17.1,67.12,25,11,6.35,few clouds
169,Port Hedland,AU,-20.3167,118.5667,102.25,37,40,18.41,scattered clouds
170,Dumas,US,35.8656,-101.9732,37.54,48,0,0.0,clear sky
171,Dingle,PH,10.9995,122.6711,84.04,76,100,9.15,overcast clouds
172,Wonthaggi,AU,-38.6044,145.5913,72.82,70,1,9.93,clear sky
173,George Town,MY,5.4112,100.3354,87.73,65,20,10.36,few clouds
174,Yumen,CN,40.2833,97.2,20.53,45,96,13.4,overcast clouds
175,Virginia Beach,US,36.8529,-75.978,50.02,69,0,5.75,clear sky
176,Deputatskiy,RU,69.3,139.9,-37.8,98,71,4.99,broken clouds
177,Alyangula,AU,-13.8483,136.4192,87.03,65,77,18.7,light rain
178,Borba,BR,-4.3878,-59.5939,72.19,98,98,2.13,light rain
179,Keuruu,FI,62.2667,24.7,32.18,96,100,11.54,light snow
180,Myaundzha,RU,63.0494,147.1858,-27.47,97,100,1.59,overcast clouds
181,Kashira,RU,54.8444,38.1669,26.96,97,100,5.23,light snow
182,Haines Junction,CA,60.7522,-137.5108,-11.25,84,100,1.14,overcast clouds
183,Byron Bay,AU,-28.65,153.6167,70.95,85,79,12.26,broken clouds
184,Abashiri,JP,44.0213,144.2697,28.69,59,75,8.05,broken clouds
185,Nevsehir,TR,38.9167,34.6667,24.01,93,0,0.0,clear sky
186,Pisco,PE,-13.7,-76.2167,69.85,83,40,5.75,scattered clouds
187,Marystown,CA,47.1666,-55.1483,25.5,69,70,11.63,broken clouds
188,Dzialdowo,PL,53.2396,20.17,41.13,94,80,11.25,broken clouds
189,Tilichiki,RU,60.4667,166.1,-11.7,93,100,12.39,overcast clouds
190,Vao,NC,-22.6667,167.4833,77.9,87,97,23.73,light rain
191,Burnie,AU,-41.0667,145.9167,65.95,65,100,11.12,light rain
192,Ruangwa,TZ,-10.0667,38.9333,71.04,95,86,2.1,overcast clouds
193,Aitape,PG,-3.1374,142.3475,80.85,80,100,7.25,overcast clouds
194,Grindavik,IS,63.8424,-22.4338,18.07,62,40,13.8,scattered clouds
195,Tadpatri,IN,14.9167,78.0167,79.52,57,1,5.03,clear sky
196,The Valley,AI,18.217,-63.0578,78.66,76,2,21.72,clear sky
197,Portland,US,45.5234,-122.6762,50.29,94,100,14.97,heavy intensity rain
198,Wufeng,CN,27.45,104.8333,32.34,83,99,2.93,overcast clouds
199,Samsun,TR,41.25,36.3333,50.0,59,0,4.61,clear sky
200,Srivardhan,IN,18.0333,73.0167,80.24,46,6,3.0,clear sky
201,Pacific Grove,US,36.6177,-121.9166,54.64,93,100,3.0,overcast clouds
202,Severo-Kurilsk,RU,50.6789,156.125,24.89,80,100,20.87,light snow
203,Smithers,CA,54.7804,-127.1743,19.72,93,100,2.3,overcast clouds
204,Lorengau,PG,-2.0226,147.2712,77.25,91,100,12.71,moderate rain
205,Berezovyy,RU,51.6667,135.7,6.64,82,7,2.91,clear sky
206,Adrar,MR,20.5022,-10.0711,69.21,20,100,15.93,overcast clouds
207,Pemangkat,ID,1.1667,108.9667,82.04,69,87,16.69,overcast clouds
208,Zilair,RU,52.2332,57.4392,10.42,96,99,5.3,overcast clouds
209,Cueramaro,MX,20.6167,-101.7167,53.02,37,44,3.65,scattered clouds
210,Yulara,AU,-25.2406,130.9889,94.48,29,61,14.63,broken clouds
211,Newport,GB,51.5877,-2.9984,49.12,88,100,24.79,overcast clouds
212,Sendafa,ET,9.15,39.0333,45.37,93,70,3.02,broken clouds
213,Laguna,US,38.421,-121.4238,51.78,93,100,10.36,light rain
214,Vardo,NO,70.3705,31.1107,26.58,86,75,17.27,broken clouds
215,Iqaluit,CA,63.7506,-68.5145,-15.07,76,40,21.85,scattered clouds
216,Morondava,MG,-20.2833,44.2833,77.72,85,93,5.41,light rain
217,Gombong,ID,-7.6072,109.5142,84.7,66,100,5.53,light rain
218,Brigantine,US,39.4101,-74.3646,38.01,87,0,0.0,clear sky
219,Kavieng,PG,-2.5744,150.7967,80.22,81,100,12.86,moderate rain
220,Dondaicha,IN,21.3333,74.5667,75.9,36,0,1.14,clear sky
221,Uruana,BR,-15.4981,-49.6875,68.31,95,97,1.86,overcast clouds
222,Port Elizabeth,ZA,-33.918,25.5701,59.09,94,20,3.44,few clouds
223,Qingdao,CN,36.0986,120.3719,35.2,27,0,4.47,clear sky
224,Escanaba,US,45.7453,-87.0646,41.31,99,100,5.14,fog
225,Christchurch,NZ,-43.5333,172.6333,62.94,59,75,13.8,broken clouds
226,Hirado,JP,33.3597,129.5531,47.39,55,91,10.87,overcast clouds
227,Raga,SS,8.4596,25.678,62.06,34,5,4.09,clear sky
228,Auki,SB,-8.7676,160.7034,82.26,75,100,6.31,overcast clouds
229,Clyde River,CA,70.4692,-68.5914,-21.77,76,0,5.75,clear sky
230,San Andres,CO,12.5847,-81.7006,80.62,74,20,11.5,few clouds
231,Trairi,BR,-3.2778,-39.2689,75.81,89,0,6.53,clear sky
232,Caconda,AO,-13.7333,15.0667,57.88,96,92,0.56,overcast clouds
233,Makaha,US,21.4694,-158.2175,76.91,56,100,4.61,overcast clouds
234,Mokhsogollokh,RU,61.4681,128.9203,-12.66,95,99,5.99,overcast clouds
235,Opuwo,NA,-18.0607,13.84,69.89,73,99,2.93,overcast clouds
236,Kidal,ML,18.4411,1.4078,64.58,17,100,12.95,overcast clouds
237,Ust-Kulom,RU,61.6864,53.6902,7.86,92,100,6.96,overcast clouds
238,Mutoko,ZW,-17.397,32.2268,63.52,91,100,1.79,light rain
239,Bubaque,GW,11.2833,-15.8333,75.06,72,100,23.73,light rain
240,Eirunepe,BR,-6.6603,-69.8736,72.03,98,90,2.57,overcast clouds
241,Tabou,CI,4.423,-7.3528,77.43,86,63,3.98,light rain
242,Port-Gentil,GA,-0.7193,8.7815,80.78,78,100,6.58,overcast clouds
243,Kaeo,NZ,-35.1,173.7833,78.33,67,10,6.04,clear sky
244,Changying,CN,52.8733,123.3213,7.0,77,94,5.28,overcast clouds
245,Saldanha,ZA,-33.0117,17.9442,58.66,65,36,11.68,scattered clouds
246,Carnduff,CA,49.1667,-101.8009,0.1,96,100,6.15,overcast clouds
247,Alice Springs,AU,-23.7,133.8833,90.95,40,40,13.8,scattered clouds
248,Lesozavodsk,RU,45.4794,133.4244,4.77,86,29,8.86,scattered clouds
249,Maceio,BR,-9.6658,-35.7353,76.44,94,75,1.14,broken clouds
250,Lacdayan,PH,13.6,122.5333,84.79,70,80,3.11,broken clouds
251,Wanning,CN,18.8003,110.3967,67.21,67,90,16.24,overcast clouds
252,Batemans Bay,AU,-35.7167,150.1833,73.27,72,89,11.52,light rain
253,Visnes,NO,59.3556,5.2242,44.65,61,91,19.57,overcast clouds
254,Nurlat,RU,54.4277,50.8051,0.88,100,100,3.4,overcast clouds
255,Bengkulu,ID,-3.8004,102.2655,82.81,65,97,9.46,overcast clouds
256,Bandundu,CD,-3.3167,17.3667,71.89,91,94,1.28,overcast clouds
257,Lere,NG,10.387,8.5726,56.21,28,4,7.76,clear sky
258,Bathsheba,BB,13.2167,-59.5167,75.81,94,75,23.02,light intensity shower rain
259,Sambava,MG,-14.2667,50.1667,75.0,84,27,5.99,scattered clouds
260,Dembi Dolo,ET,8.5333,34.8,59.86,71,100,3.8,overcast clouds
261,Kruisfontein,ZA,-34.0033,24.7314,56.88,60,92,2.98,overcast clouds
262,Bereda,ES,43.2686,-7.5406,57.42,100,100,12.21,overcast clouds
263,Urubicha,BO,-15.3833,-62.95,70.09,100,100,0.85,overcast clouds
264,Brie-Comte-Robert,FR,48.6833,2.6167,43.93,99,100,12.66,overcast clouds
265,Ocampo,MX,21.65,-101.5,45.99,45,1,6.98,clear sky
266,Prado,BR,-17.3411,-39.2208,73.94,91,15,7.09,few clouds
267,Benguela,AO,-12.5763,13.4055,74.86,84,92,1.72,overcast clouds
268,Raton,US,36.9034,-104.4391,21.33,45,0,4.61,clear sky
269,Padang,ID,-0.9492,100.3543,82.45,63,72,6.51,broken clouds
270,Patti,IN,31.2808,74.8572,46.47,60,41,5.01,scattered clouds
271,Suntar,RU,62.1444,117.6319,-26.23,97,98,4.79,overcast clouds
272,Lanciano,IT,42.2167,14.3882,49.93,56,18,6.98,few clouds
273,Nikolskoye,RU,59.7035,30.7861,28.29,96,100,9.1,light snow
274,Sundern,DE,51.3333,8.0,42.85,85,60,9.26,broken clouds
275,Pinkafeld,AT,47.3667,16.1167,37.76,67,100,3.49,overcast clouds
276,Kobelyaky,UA,49.1489,34.1965,33.82,96,65,7.85,broken clouds
277,Lasa,IT,46.6166,10.7002,38.28,95,100,2.86,overcast clouds
278,Brookside,US,39.6671,-75.7269,43.18,78,0,0.0,clear sky
279,Jacareacanga,BR,-6.2222,-57.7528,72.3,99,100,1.92,overcast clouds
280,Labuhan,ID,-6.8844,112.2051,81.66,79,100,18.48,heavy intensity rain
281,Bambous Virieux,MU,-20.3428,57.7575,81.21,73,40,2.3,scattered clouds
282,Mehamn,NO,71.0357,27.8492,24.75,68,0,33.38,clear sky
283,Samana,DO,19.2056,-69.3369,74.7,86,2,10.04,clear sky
284,Svodin,SK,47.9105,18.4997,40.14,94,98,4.76,overcast clouds
285,Gigmoto,PH,13.7796,124.39,84.16,74,89,4.29,overcast clouds
286,Evanston,US,42.0411,-87.6901,56.82,90,100,14.97,overcast clouds
287,Soteapan,MX,18.2333,-94.8667,66.22,87,97,1.9,overcast clouds
288,Eyl,SO,7.9803,49.8164,75.16,71,10,17.25,clear sky
289,Mocajuba,BR,-2.5842,-49.5072,72.63,96,87,2.37,moderate rain
290,Okhotsk,RU,59.3833,143.3,1.13,80,100,6.93,overcast clouds
291,Luanda,AO,-8.8368,13.2343,77.0,88,75,1.14,broken clouds
292,Kuito,AO,-12.3833,16.9333,59.58,94,100,7.63,light rain
293,Tuxtla,MX,16.75,-93.1167,68.81,84,36,1.86,scattered clouds
294,Isabela,PH,6.7085,121.9711,84.25,72,99,9.55,overcast clouds
295,Kerouane,GN,9.2667,-9.0167,68.61,38,52,2.24,broken clouds
296,Kiunga,PG,-6.1219,141.2906,87.1,57,100,2.06,overcast clouds
297,Mogadishu,SO,2.0371,45.3438,75.07,83,20,10.36,few clouds
298,Linguere,SN,15.3953,-15.1193,72.77,44,100,5.68,overcast clouds
299,Ilulissat,GL,69.2167,-51.1,14.02,73,100,14.97,light shower snow
300,Hornepayne,CA,49.2138,-84.7705,33.33,100,100,5.75,overcast clouds
301,Dunedin,NZ,-45.8742,170.5036,59.81,95,39,7.14,scattered clouds
302,Banda Aceh,ID,5.5577,95.3222,81.01,71,100,14.18,overcast clouds
303,Puerto Suarez,BO,-18.95,-57.8,73.63,91,37,3.27,scattered clouds
304,Dandeli,IN,15.2667,74.6167,80.56,47,5,5.03,clear sky
305,Ambilobe,MG,-13.2,49.05,76.01,82,67,3.24,broken clouds
306,Warmbad,NA,-28.45,18.7333,65.95,39,0,9.48,clear sky
307,Sirjan,IR,29.452,55.6814,38.46,27,0,4.72,clear sky
308,Bethel,US,41.3712,-73.414,41.41,73,0,4.0,clear sky
309,Gerash,IR,27.6652,54.1371,33.94,39,0,2.57,clear sky
310,Redondo,PT,38.6487,-7.5471,51.04,89,96,7.36,overcast clouds
311,Kaitangata,NZ,-46.2817,169.8464,58.14,54,9,8.5,clear sky
312,Kualakapuas,ID,-3.0091,114.3876,90.03,49,100,7.02,overcast clouds
313,Champerico,GT,14.3,-91.9167,76.98,72,3,4.52,clear sky
314,Rabo De Peixe,PT,37.8,-25.5833,62.11,82,75,20.71,broken clouds
315,Mount Gambier,AU,-37.8333,140.7667,71.8,52,26,8.7,scattered clouds
316,Turukhansk,RU,65.8167,87.9833,-15.48,84,21,8.39,few clouds
317,Lahti,RU,59.9911,30.1597,28.58,93,100,11.05,snow
318,Dhidhdhoo,MV,6.8833,73.1,81.41,77,95,15.43,overcast clouds
319,Penzance,GB,50.1186,-5.5371,50.68,91,100,36.06,moderate rain
320,Bilaspur,IN,22.0833,82.15,69.08,28,0,1.79,clear sky
321,Tsabong,BW,-26.0217,22.401,74.89,52,83,4.9,broken clouds
322,Kudahuvadhoo,MV,2.6708,72.8944,81.41,75,22,12.53,few clouds
323,Nioro,GM,13.35,-15.75,72.09,60,100,5.5,overcast clouds
324,Paraopeba,BR,-19.2757,-44.4033,67.75,90,98,2.48,overcast clouds
325,Altay,CN,47.8667,88.1167,14.05,90,100,1.5,overcast clouds
326,Paamiut,GL,61.994,-49.6678,11.28,78,5,12.37,clear sky
327,Sarkand,KZ,45.41,79.9186,27.37,97,100,1.72,light snow
328,Abnub,EG,27.2696,31.1511,46.62,69,0,6.73,clear sky
329,Plettenberg Bay,ZA,-34.0527,23.3716,58.37,62,31,4.29,scattered clouds
330,Kushmurun,KZ,52.4503,64.6311,6.01,98,98,4.14,overcast clouds
331,Muli,MV,2.9167,73.5667,81.5,73,17,12.28,few clouds
332,Lengshuijiang,CN,27.6881,111.4294,49.39,37,1,1.07,clear sky
333,Mapiri,BO,-15.25,-68.1667,69.17,100,100,1.16,overcast clouds
334,Chenzhou,CN,25.8,113.0333,41.4,86,100,3.15,overcast clouds
335,Yeppoon,AU,-23.1333,150.7333,89.38,69,65,17.67,broken clouds
336,Nanchang,CN,28.6833,115.8833,46.44,59,90,5.21,overcast clouds
337,Santa Maria Del Oro,MX,25.9333,-105.3667,48.36,62,100,2.91,overcast clouds
338,Merrill,US,45.1805,-89.6835,40.62,98,100,3.44,light rain
339,San Cristobal,VE,7.7669,-72.225,69.98,95,20,1.12,few clouds
340,Narsaq,GL,60.9167,-46.05,5.22,64,3,7.2,clear sky
341,Canon City,US,38.441,-105.2424,29.39,58,0,4.61,clear sky
342,Sur,OM,22.5667,59.5289,72.32,47,1,17.85,clear sky
343,Kwinana,AU,-32.25,115.7667,94.15,49,0,12.24,clear sky
344,Uglovskoye,RU,51.3557,80.1942,15.33,95,100,4.16,light snow
345,Bilibino,RU,68.0546,166.4372,-32.87,99,46,3.09,scattered clouds
346,Salinas,US,36.6777,-121.6555,54.63,86,100,0.0,overcast clouds
347,Kahului,US,20.8947,-156.47,77.85,74,40,6.91,scattered clouds
348,Sept-Iles,CA,50.2001,-66.3821,17.6,87,100,10.36,mist
349,Lagoa,PT,39.05,-27.9833,61.9,88,100,40.49,moderate rain
350,Goderich,CA,43.7501,-81.7165,52.12,71,100,16.11,overcast clouds
351,Oistins,BB,13.0667,-59.5333,75.29,94,75,23.02,light intensity shower rain
352,Poum,NC,-20.2333,164.0167,81.39,78,97,12.71,overcast clouds
353,Margate,GB,51.3813,1.3862,47.3,85,42,7.0,scattered clouds
354,Rocha,UY,-34.4833,-54.3333,53.44,79,3,6.58,clear sky
355,Beyneu,KZ,45.3167,55.2,27.36,87,100,8.32,overcast clouds
356,Ahipara,NZ,-35.1667,173.1667,72.54,64,1,10.36,clear sky
357,Svetlogorsk,BY,52.6333,29.7333,33.98,95,100,7.83,overcast clouds
358,Lata,PT,40.1629,-8.3327,61.07,94,100,9.17,overcast clouds
359,Mezen,RU,65.8522,44.24,5.32,97,85,5.77,overcast clouds
360,Tucurui,BR,-3.7661,-49.6725,71.89,97,92,2.33,overcast clouds
361,Ambatofinandrahana,MG,-20.55,46.8,63.95,81,91,1.86,overcast clouds
362,Ranong,TH,9.9658,98.6348,82.33,48,100,3.76,overcast clouds
363,Zhangye,CN,38.9342,100.4517,26.28,24,69,4.59,broken clouds
364,Ternate,ID,0.8,127.4,82.67,73,100,8.79,overcast clouds
365,Ibaiti,BR,-23.8486,-50.1878,62.4,96,9,3.76,clear sky
366,Waingapu,ID,-9.6567,120.2641,86.67,62,100,20.54,overcast clouds
367,Santiago Del Estero,AR,-27.7951,-64.2615,75.49,52,0,7.9,clear sky
368,Vestmanna,FO,62.1564,-7.1664,29.32,80,100,19.57,light snow
369,Lewiston,US,44.1003,-70.2148,34.14,94,15,1.16,few clouds
370,Villa Constitucion,AR,-33.2278,-60.3297,73.02,42,0,5.3,clear sky
371,Tazovskiy,RU,67.4667,78.7,-29.36,100,9,3.96,clear sky
372,Pangnirtung,CA,66.1451,-65.7125,-13.0,84,100,9.22,light snow
373,Coquimbo,CL,-29.9533,-71.3436,62.33,82,100,3.44,overcast clouds
374,Comendador,DO,18.8775,-71.7028,66.15,85,0,3.02,clear sky
375,Bud,US,39.447,-86.1758,57.67,87,100,15.48,overcast clouds
376,Bairiki,KI,1.3292,172.9752,84.2,74,20,6.91,few clouds
377,Lodja,CD,-3.4833,23.4333,67.87,97,99,1.83,overcast clouds
378,Kendari,ID,-3.945,122.4989,83.28,74,99,5.08,overcast clouds
379,Eugene,US,44.0521,-123.0867,49.01,94,100,14.97,overcast clouds
380,Two Hills,CA,53.7169,-111.7518,12.69,92,27,11.5,scattered clouds
381,Mayo,US,38.8876,-76.5119,44.51,85,0,0.0,clear sky
382,Luderitz,NA,-26.6481,15.1594,68.04,53,0,14.32,clear sky
383,Bilma,NE,18.6853,12.9164,55.02,35,0,6.35,clear sky
384,La Ronge,CA,55.1001,-105.2842,-3.75,77,75,2.3,light snow
385,Russell,US,32.3502,-85.1999,55.96,100,0,0.0,mist
386,Grand-Santi,GF,4.25,-54.3833,70.92,99,95,2.51,overcast clouds
387,Ahar,IR,38.4774,47.0699,30.61,84,17,2.37,few clouds
388,Ponta Delgada,PT,37.7333,-25.6667,63.32,82,75,20.71,broken clouds
389,Acacias,CO,3.987,-73.758,72.36,73,58,6.6,broken clouds
390,Beruwala,LK,6.4788,79.9828,82.09,71,46,2.35,scattered clouds
391,San Jose,US,37.3394,-121.895,54.46,90,100,16.11,overcast clouds
392,Yanam,IN,16.7333,82.2167,85.73,55,3,4.0,clear sky
393,Ludvika,SE,60.1496,15.1878,39.0,91,100,13.71,overcast clouds
394,Makkaveyevo,RU,51.7533,113.9454,15.89,68,63,13.22,broken clouds
395,Erenhot,CN,43.6475,111.9767,18.75,30,0,16.13,clear sky
396,Srednekolymsk,RU,67.45,153.6833,-43.15,100,87,2.93,overcast clouds
397,Akyab,MM,20.15,92.9,74.7,47,67,5.12,broken clouds
398,Pandan,PH,14.0453,124.1694,82.35,81,91,4.68,overcast clouds
399,Longyan,CN,25.1072,117.0225,61.09,59,76,4.07,broken clouds
400,Nizhniy Baskunchak,RU,48.2198,46.8311,28.92,92,32,9.15,scattered clouds
401,Vila,PT,42.0304,-8.1588,49.69,96,100,11.3,light rain
402,Idaho Falls,US,43.4666,-112.0341,25.36,86,75,0.0,broken clouds
403,Marovoay,MG,-16.1,46.6333,80.74,63,5,4.23,clear sky
404,Waddan,LY,29.1614,16.139,51.17,56,17,2.91,few clouds
405,Tigre,AR,-34.426,-58.5796,77.0,53,0,5.75,clear sky
406,Moissac,FR,44.1024,1.0945,50.47,91,100,9.04,overcast clouds
407,Yagodnoye,RU,62.55,149.6667,-29.34,99,90,2.57,overcast clouds
408,North Bend,US,43.4065,-124.2243,54.07,100,100,11.5,mist
409,Nome,US,64.5011,-165.4064,3.27,85,40,0.0,scattered clouds
410,Pokhvistnevo,RU,53.6524,52.1274,16.88,97,100,2.21,overcast clouds
411,Lyngdal,NO,58.1376,7.07,40.89,87,93,17.9,overcast clouds
412,Killybegs,IE,54.6333,-8.45,45.37,89,100,18.92,moderate rain
413,Kilindoni,TZ,-7.9139,39.6668,81.99,71,40,10.13,scattered clouds
414,Wukari,NG,7.85,9.7833,67.17,24,72,8.9,broken clouds
415,Gizo,SB,-8.103,156.8419,85.28,61,100,11.12,overcast clouds
416,Talaya,RU,61.3833,152.75,-30.66,100,100,0.67,overcast clouds
417,Araouane,ML,18.9048,-3.5265,68.25,19,100,18.61,overcast clouds
418,Mbandaka,CD,0.0487,18.2603,69.57,63,93,3.15,overcast clouds
419,Neiafu,TO,-18.65,-173.9833,84.88,79,75,5.75,moderate rain
420,Panlaitan,PH,12.1191,119.8486,83.08,76,100,14.36,overcast clouds
421,Berlevag,NO,70.8578,29.0864,24.8,79,100,29.93,overcast clouds
422,Nikolayevsk-Na-Amure,RU,53.1406,140.73,4.12,93,30,4.81,scattered clouds
423,Alofi,NU,-19.0595,-169.9187,82.29,83,75,6.91,light rain
424,Heswall,GB,53.3273,-3.0965,48.92,80,75,18.41,broken clouds
425,Zhengjiatun,CN,43.5064,123.5064,19.63,49,0,11.34,clear sky
426,Orsha,BY,54.5153,30.4053,33.94,99,100,10.71,overcast clouds
427,Jalu,LY,29.0331,21.5482,53.46,84,1,6.2,clear sky
428,Palmer,US,42.1584,-72.3287,43.21,80,20,0.0,few clouds
429,Miri,MY,4.4148,114.0089,84.34,74,40,10.36,scattered clouds
430,Ginda,IN,30.6945,78.4932,53.98,39,54,3.74,broken clouds
431,Derzhavinsk,KZ,51.1,66.3167,13.91,98,99,6.04,overcast clouds
432,Hambantota,LK,6.1241,81.1185,82.74,74,20,14.97,few clouds
433,Tutoia,BR,-2.7619,-42.2744,77.63,87,43,10.4,moderate rain
434,Avera,US,33.194,-82.5271,54.91,93,5,5.19,clear sky
435,Kushima,JP,31.4583,131.2333,54.23,41,81,3.6,broken clouds
436,Iguape,BR,-24.7081,-47.5553,69.78,89,7,5.93,clear sky
437,Naze,JP,28.3667,129.4833,54.52,85,100,13.02,light rain
438,Aklavik,CA,68.2191,-135.0107,-15.59,97,92,5.75,overcast clouds
439,Roald,NO,62.5833,6.1333,43.32,75,100,16.11,overcast clouds
440,Walvis Bay,NA,-22.9575,14.5053,60.1,88,18,11.5,few clouds
441,Paranagua,BR,-25.52,-48.5092,65.52,91,1,1.1,clear sky
442,Umm Kaddadah,SD,13.6017,26.6876,55.6,38,0,16.71,clear sky
443,Boddam,GB,57.4667,-1.7833,36.64,95,100,24.25,light rain
444,Ambon,ID,-3.6954,128.1814,86.14,66,40,10.36,scattered clouds
445,Lipari,IT,38.4674,14.954,61.23,57,92,3.24,overcast clouds
446,Luba,GQ,3.4568,8.5547,79.95,65,98,2.98,overcast clouds
447,Cockburn Town,TC,21.4612,-71.1419,78.57,76,1,22.95,clear sky
448,Moranbah,AU,-22.0016,148.0466,91.15,34,99,16.96,overcast clouds
449,Umba,RU,66.6871,34.3429,24.87,90,100,13.65,overcast clouds
450,Matara,LK,5.9485,80.5353,81.99,58,52,12.21,broken clouds
451,Vila Velha,BR,-20.3297,-40.2925,78.75,87,75,10.36,broken clouds
452,Flin Flon,CA,54.7682,-101.865,-8.3,100,91,3.49,overcast clouds
453,Methoni,GR,36.8197,21.7049,53.22,76,48,4.79,scattered clouds
454,Rorvik,NO,64.8621,11.2373,37.51,93,100,9.22,light intensity drizzle
455,Watrous,CA,51.6668,-105.4679,-11.97,100,39,3.76,scattered clouds
456,Port Moresby,PG,-9.4431,147.1797,83.62,70,100,11.5,light rain
457,Sangar,RU,63.9242,127.4739,-22.32,99,100,4.43,overcast clouds
458,Balkanabat,TM,39.5108,54.3671,40.91,78,66,1.48,broken clouds
459,Ekhabi,RU,53.5102,142.9671,-0.49,86,11,12.73,few clouds
460,Port Blair,IN,11.6667,92.75,82.44,69,40,10.36,scattered clouds
461,Biak,ID,-0.9131,122.8766,82.26,70,100,2.19,overcast clouds
462,Ulaangom,MN,49.9811,92.0667,-11.65,92,84,1.92,broken clouds
463,Moose Factory,CA,51.2585,-80.6094,32.0,93,100,3.44,fog
464,Kijini,TZ,-5.85,39.3167,78.53,75,64,11.61,broken clouds
465,Novoanninskiy,RU,50.5287,42.6747,32.56,94,99,12.19,light snow
466,Luwuk,ID,-0.9516,122.7875,84.81,71,100,1.99,overcast clouds
467,Erzincan,TR,39.75,39.5,15.1,92,0,0.0,clear sky
468,Gagra,GE,43.3283,40.2239,34.72,43,97,5.3,overcast clouds
469,Sabang,ID,5.8933,95.3214,80.04,67,100,15.61,overcast clouds
470,Tupik,RU,54.4253,119.9327,1.81,88,92,1.92,overcast clouds
471,Kieta,PG,-6.2167,155.6333,84.72,62,83,9.24,broken clouds
472,Egvekinot,RU,66.3167,-179.1667,-14.24,86,72,10.71,broken clouds
473,Zemio,CF,5.0314,25.1361,65.79,41,15,3.65,few clouds
474,Sioni,GE,41.9895,45.0239,17.96,69,69,0.27,broken clouds
475,Ixmiquilpan,MX,20.4833,-99.2333,58.89,40,100,4.68,overcast clouds
476,Miranda,CO,3.2499,-76.2281,68.13,87,94,5.39,overcast clouds
477,Menongue,AO,-14.6585,17.691,63.32,82,99,3.18,overcast clouds
478,Malaya Vishera,RU,58.8454,32.2222,28.63,97,100,9.28,snow
479,Bogale,MM,16.2833,95.4,84.67,46,2,1.86,clear sky
480,Ussel,FR,45.55,2.3167,44.04,97,100,6.35,overcast clouds
481,Clarence Town,AU,-32.5833,151.7833,79.61,48,73,10.2,broken clouds
482,Sao Miguel Do Araguaia,BR,-13.275,-50.1628,70.39,96,84,4.16,broken clouds
483,The Pas,CA,53.8251,-101.2541,-2.18,78,100,6.91,overcast clouds
484,Tiarei,PF,-17.5333,-149.3333,80.62,76,12,15.61,light rain
485,Olinda,BR,-8.0089,-34.8553,80.33,74,40,6.91,scattered clouds
486,Tirumullaivasal,IN,11.2333,79.8333,80.85,70,32,7.34,scattered clouds
487,Urengoy,RU,65.9667,78.3667,-24.03,100,57,5.19,broken clouds
488,Bandarbeyla,SO,9.4942,50.8122,79.25,67,16,19.6,few clouds
489,San Policarpo,PH,12.1791,125.5072,82.54,79,100,7.18,overcast clouds
490,Hradek,CZ,49.7132,13.653,43.88,100,100,23.0,overcast clouds
491,Curuguaty,PY,-24.4694,-55.6945,66.52,55,0,1.97,clear sky
492,Terre-De-Bas,GP,15.8501,-61.6442,71.11,74,6,18.68,clear sky
493,Oktyabrskiy,RU,54.4815,53.471,10.15,98,99,2.84,overcast clouds
494,El Alto,PE,-4.2714,-81.2147,68.41,81,36,11.27,scattered clouds
495,Atkarsk,RU,51.8718,45.0078,23.54,96,98,8.28,overcast clouds
496,Acapulco,MX,16.8634,-99.8901,78.62,78,100,0.0,overcast clouds
497,Tahe,CN,52.3333,124.7333,12.2,72,100,2.3,overcast clouds
498,Velsk,RU,61.0701,42.0983,-8.64,100,100,1.81,overcast clouds
499,Sitka,US,57.0531,-135.33,44.49,53,100,16.11,light rain
500,Prainha,BR,-1.8,-53.48,71.64,94,97,2.64,overcast clouds
501,Delvine,AL,39.9511,20.0978,50.7,84,94,3.04,overcast clouds
502,Brandenburg,DE,52.4167,12.55,44.8,76,72,12.26,broken clouds
503,Poya,NC,-21.35,165.15,81.41,79,61,8.05,broken clouds
504,Kargopol,RU,61.5071,38.9456,-6.5,100,99,3.53,overcast clouds
505,Pangai,TO,-19.8,-174.35,78.91,89,75,10.36,moderate rain
506,Beira,MZ,-19.8436,34.8389,75.29,94,40,2.3,scattered clouds
507,Yakeshi,CN,49.2833,120.7333,5.88,85,65,10.27,broken clouds
508,Codrington,AU,-38.2667,141.9667,68.14,69,34,11.99,scattered clouds
509,Zhanaozen,KZ,43.3,52.8,31.46,74,98,4.81,overcast clouds
510,Kirovskiy,RU,45.0917,133.5136,9.21,77,12,4.09,few clouds
511,Papar,MY,5.7333,115.9333,86.0,56,95,8.03,overcast clouds
512,Saint George,US,37.1041,-113.5841,39.43,86,100,3.44,overcast clouds
513,Zavodoukovsk,RU,56.5042,66.5515,-10.37,100,93,3.27,overcast clouds
514,Arrecife,ES,28.963,-13.5477,67.98,83,0,5.75,clear sky
515,Gander,CA,48.9682,-54.5906,15.93,78,40,15.01,scattered clouds
516,Kutum,SD,14.2,24.6667,47.68,38,2,7.7,clear sky
517,Magistralnyy,RU,56.1725,107.4458,5.52,83,100,6.58,overcast clouds
518,Tomatlan,MX,19.9333,-105.25,67.19,59,50,3.74,scattered clouds
519,Wahiawa,US,21.5028,-158.0236,73.72,67,100,4.61,overcast clouds
520,San Jeronimo,PE,-11.9472,-75.2829,52.05,81,100,0.2,overcast clouds
521,Fort Nelson,CA,58.8053,-122.7002,-8.01,77,100,2.3,mist
522,Riyadh,SA,24.6877,46.7219,50.14,43,100,6.29,overcast clouds
523,Leirvik,NO,59.7798,5.5005,43.63,68,90,12.95,overcast clouds
524,Ozu,JP,33.5,132.55,47.82,52,11,7.94,few clouds
525,Slave Lake,CA,55.2834,-114.769,3.18,85,75,4.61,broken clouds
526,Pathein,MM,16.7833,94.7333,84.31,49,1,4.32,clear sky
527,Haysville,US,37.5645,-97.3523,41.29,80,100,5.99,overcast clouds
528,College,US,64.8569,-147.8028,-3.68,79,40,0.0,scattered clouds
529,Thinadhoo,MV,0.5333,72.9333,80.67,77,33,9.08,scattered clouds
530,Canico,PT,32.6333,-16.85,67.12,72,20,8.05,few clouds
531,Bosobolo,CD,4.1833,19.9,69.17,46,94,2.57,overcast clouds
532,Chumikan,RU,54.7183,135.315,0.57,78,50,21.16,scattered clouds
533,Salta,AR,-24.7859,-65.4117,63.19,85,40,4.61,scattered clouds
534,Bridgetown,BB,13.1,-59.6167,75.69,94,75,23.02,light intensity shower rain
535,Fort Saint James,CA,54.4333,-124.25,21.02,99,100,1.97,overcast clouds
536,Cabra,ES,37.4725,-4.4421,48.49,76,57,3.33,broken clouds
537,Namatanai,PG,-3.6667,152.4333,83.97,69,96,10.83,overcast clouds
538,Moreira Sales,BR,-24.0622,-53.0069,66.54,62,0,6.53,clear sky
539,Takoradi,GH,4.8845,-1.7554,77.07,87,95,2.28,overcast clouds
540,Bedele,ET,8.456,36.353,55.92,94,100,1.52,light rain
541,Usatove,UA,46.533,30.6596,38.75,85,50,10.13,scattered clouds
542,Shubarshi,KZ,48.5872,57.1869,17.67,97,86,7.16,overcast clouds
543,Moron,AR,-34.6534,-58.6198,76.75,50,1,6.58,clear sky
544,Razdolnoye,RU,43.55,131.9167,16.21,72,3,5.59,clear sky
545,Tabory,RU,58.5198,64.5495,-18.08,100,77,2.1,broken clouds
546,Uniao,BR,-4.5858,-42.8642,72.27,96,28,3.06,heavy intensity rain
547,Aleksandrov Gay,RU,50.147,48.5704,27.1,95,98,9.91,overcast clouds
548,Warrington,GB,53.3925,-2.5802,47.86,85,75,19.57,broken clouds
549,Husavik,IS,66.0449,-17.3389,20.8,60,100,16.42,light snow
550,Inongo,CD,-1.95,18.2667,71.62,91,98,4.25,overcast clouds
551,Leh,IN,34.1667,77.5833,22.59,87,99,4.59,light snow
552,Nhulunbuy,AU,-12.2333,136.7667,75.81,94,75,6.91,moderate rain
553,Coachella,US,33.6803,-116.1739,63.43,63,51,1.01,broken clouds
554,Ibra,OM,22.6906,58.5334,66.94,42,26,8.57,scattered clouds
555,Ngunguru,NZ,-35.6167,174.5,72.3,65,0,4.7,clear sky
556,Nabire,ID,-3.3667,135.4833,84.7,64,29,5.46,scattered clouds
557,Tongling,CN,30.95,117.7833,47.75,36,4,4.74,clear sky
558,Luoyang,CN,34.6836,112.4536,43.03,18,0,2.98,clear sky
559,Banepa,NP,27.6298,85.5214,50.32,76,20,2.91,mist
560,De-Kastri,RU,51.4667,140.7833,6.49,90,21,5.28,few clouds
561,Kaspiysk,RU,42.8816,47.6392,28.58,80,46,8.95,scattered clouds
562,Kisangani,CD,0.5167,25.2,69.6,92,100,0.89,overcast clouds
563,Tianpeng,CN,30.9866,103.9393,48.72,60,98,2.21,overcast clouds
564,Madridejos,ES,39.4682,-3.532,49.06,72,100,14.85,overcast clouds
565,Yongan,CN,39.6957,113.6871,21.72,24,0,5.53,clear sky
566,Fuerte Olimpo,PY,-21.0415,-57.8738,75.42,47,53,4.05,broken clouds
567,Touros,BR,-5.1989,-35.4608,78.28,77,54,11.81,broken clouds
568,Ivangorod,RU,59.3716,28.2162,34.57,98,100,8.7,overcast clouds
569,Galesong,ID,-5.3166,119.3661,77.02,83,100,14.45,overcast clouds
570,Olafsvik,IS,64.8945,-23.7142,22.73,50,82,10.69,broken clouds
571,Port Macquarie,AU,-31.4333,152.9167,74.89,75,63,8.88,broken clouds
572,Kapenguria,KE,1.2511,35.0895,58.96,59,54,3.11,broken clouds
573,Stanger,ZA,-29.3282,31.2895,63.07,91,100,14.16,light rain
574,Huicungo,PE,-7.2833,-76.8,70.12,93,85,1.39,overcast clouds
575,Horasan,TR,40.0458,42.1728,22.1,64,0,0.2,clear sky
576,Caravelas,BR,-17.7125,-39.2481,72.46,94,22,4.47,few clouds
577,Salalah,OM,17.0151,54.0924,71.69,40,0,11.5,clear sky
578,Sukhobezvodnoye,RU,57.0491,44.8891,-6.75,100,100,2.55,light snow
579,Guarda,PT,40.5373,-7.2658,49.23,97,100,8.77,overcast clouds
580,Guhagar,IN,17.4842,73.1929,87.03,39,50,2.17,scattered clouds
581,Dire Dawa,ET,9.5931,41.8661,64.99,66,40,4.12,scattered clouds
582,Sobolevo,RU,54.4299,31.8996,33.46,99,100,9.93,overcast clouds
583,Kitimat,CA,54.0524,-128.6534,32.38,30,98,3.27,light snow
584,Harsin,IR,34.2721,47.5861,23.81,57,0,3.06,clear sky
585,Linqiong,CN,30.4159,103.4609,46.22,65,93,1.59,overcast clouds
586,Shimoda,JP,34.6667,138.95,50.36,66,70,7.18,broken clouds
587,Ipira,BR,-12.1583,-39.7372,70.59,92,57,6.26,broken clouds
588,Flinders,AU,-34.5833,150.8552,73.18,89,72,4.0,light rain
589,Stornoway,GB,58.2093,-6.3865,39.16,89,100,13.8,snow
590,Rockland,US,41.1668,-74.0496,44.83,76,1,3.78,clear sky
591,Moses Lake,US,47.1301,-119.2781,34.48,93,100,0.0,overcast clouds
592,Puerto Carreno,CO,6.189,-67.4859,77.02,57,18,6.15,few clouds
593,Port Keats,AU,-14.25,129.55,79.21,92,100,24.25,heavy intensity rain
594,Palimbang,PH,6.2106,124.1894,83.7,78,92,11.03,overcast clouds
595,Banjar,ID,-8.19,114.9675,83.44,76,94,8.48,light rain
596,Caucasia,CO,7.9865,-75.1935,73.42,93,7,2.62,clear sky
597,Bani,DO,18.2833,-70.3333,74.86,81,2,12.8,clear sky
598,Kitwe,ZM,-12.7961,28.2477,62.98,99,100,5.64,moderate rain
599,Kattivakkam,IN,13.2167,80.3167,84.29,68,0,2.01,clear sky
600,Dvinskoy,RU,62.1535,45.1175,6.75,98,98,3.85,overcast clouds
601,Kabale,UG,-1.2486,29.9899,59.79,89,100,1.34,overcast clouds
602,Severo-Yeniseyskiy,RU,60.3725,93.0408,-15.56,100,98,2.95,overcast clouds
603,Puerto Escondido,MX,15.85,-97.0667,76.03,73,20,5.75,few clouds
604,Domoni,KM,-12.2569,44.5319,80.92,75,92,6.31,light rain
605,Matias Romero,MX,16.8833,-95.0333,66.58,88,75,3.09,broken clouds
606,Myurego,RU,42.4109,47.693,22.6,65,8,4.21,clear sky
607,Faya,SA,18.3851,42.4509,53.71,80,83,3.53,broken clouds
608,Inirida,CO,3.8653,-67.9239,74.46,86,16,1.72,few clouds
609,San Lorenzo,PY,-25.3333,-57.5333,74.59,60,0,2.3,clear sky
610,Buala,SB,-8.145,159.5921,83.52,72,99,7.7,overcast clouds
611,Ishim,RU,56.1128,69.4902,-13.47,100,99,2.08,overcast clouds
612,Misratah,LY,32.3754,15.0925,60.82,50,100,5.77,overcast clouds
613,Sechura,PE,-5.5569,-80.8222,69.8,81,23,6.67,few clouds
614,Waipawa,NZ,-41.4122,175.5153,56.08,85,100,16.11,overcast clouds
615,Apastovo,RU,55.2029,48.5109,15.21,96,99,2.84,overcast clouds
616,Olivenza,ES,38.6832,-7.103,53.31,82,100,8.39,overcast clouds
617,Batagay-Alyta,RU,67.8006,130.4114,-31.41,92,69,5.93,broken clouds
618,Granard,IE,53.7667,-7.5,48.61,90,100,23.91,moderate rain
619,Tazmalt,DZ,36.3868,4.3989,48.85,59,8,3.33,clear sky
620,Hervey Bay,AU,-25.2986,152.8535,80.02,78,64,14.0,broken clouds
621,Dzaoudzi,YT,-12.7887,45.2699,78.69,89,40,9.22,light rain
622,Strelka,RU,58.0728,93.0344,-12.48,98,99,2.57,overcast clouds
623,Bac Lieu,VN,9.285,105.7244,79.56,61,95,4.45,overcast clouds
624,Porto De Moz,BR,-1.7483,-52.2383,72.88,99,100,2.55,overcast clouds
625,Machinga,MW,-15.1685,35.3,67.93,94,100,2.3,light rain
626,Surt,LY,31.2089,16.5887,59.72,67,98,4.03,overcast clouds
627,Zhigansk,RU,66.7697,123.3711,-24.77,99,98,5.48,overcast clouds
628,Dawei,MM,14.0833,98.2,86.45,41,74,2.77,broken clouds
629,Pawayan,IN,28.0667,80.1,62.51,43,49,5.55,scattered clouds
630,Kuytun,RU,54.3419,101.5036,1.09,93,80,3.98,broken clouds
631,Baykit,RU,61.67,96.37,-22.97,98,43,2.19,scattered clouds
632,Mareeba,AU,-17.0,145.4333,85.44,69,100,4.27,overcast clouds
633,Hebi,CN,35.8992,114.1925,41.41,17,1,5.53,clear sky
634,Casa Nova,BR,-9.4167,-41.1333,78.82,60,81,14.27,moderate rain
635,Bowen,AU,-20.0167,148.2333,81.5,60,87,13.29,overcast clouds
636,Kouango,CF,4.9934,19.9619,69.03,36,100,3.42,overcast clouds
637,Thunder Bay,CA,48.4001,-89.3168,31.98,93,100,2.3,light snow
638,Hualmay,PE,-11.0964,-77.6139,70.0,83,100,9.01,overcast clouds
639,Blagoyevo,RU,63.3667,47.9167,11.53,95,100,6.15,overcast clouds
640,Khromtau,KZ,50.2503,58.4347,15.49,96,89,8.01,overcast clouds
641,Zapolyarnyy,RU,69.4154,30.8136,16.88,98,100,7.85,overcast clouds
642,Stulovo,RU,58.7225,50.1439,13.06,95,100,5.93,overcast clouds
643,Shu,KZ,43.5983,73.7614,32.04,93,98,2.8,overcast clouds
644,Pandharpur,IN,17.6667,75.3333,81.18,41,5,4.32,clear sky
645,Agua Buena,PA,7.8167,-80.4,74.77,99,0,10.07,clear sky
646,Susehri,TR,40.1644,38.0867,31.69,70,0,2.33,clear sky
647,Kenai,US,60.5544,-151.2583,30.29,74,100,19.57,overcast clouds
648,Narwar,IN,25.65,77.9,70.63,27,0,4.0,clear sky
649,Youghal,IE,51.95,-7.8506,51.01,100,100,26.28,light rain
650,Brae,GB,60.3964,-1.353,38.98,61,55,10.36,broken clouds
651,Merauke,ID,-8.4667,140.3333,84.42,70,90,10.18,moderate rain
652,Nelson Bay,AU,-32.7167,152.15,78.85,71,30,3.0,scattered clouds
653,Bend,US,44.0582,-121.3153,40.86,86,20,6.91,light intensity drizzle
654,Pangkalanbuun,ID,-2.6833,111.6167,92.05,43,95,7.7,overcast clouds
655,Hirara,JP,24.8,125.2833,66.47,88,75,27.63,broken clouds
656,Arnedo,ES,42.2167,-2.1,47.7,74,100,7.67,light rain
657,Oriximina,BR,-1.7656,-55.8661,72.54,96,98,1.74,overcast clouds
658,Port Hardy,CA,50.6996,-127.4199,42.98,87,100,25.32,light rain
659,Parabel,RU,58.6978,81.4825,6.51,95,100,7.63,light snow
660,Ugento,IT,39.9263,18.1574,45.9,84,60,10.69,broken clouds
661,Barra,BR,-11.0894,-43.1417,72.01,80,41,1.81,scattered clouds
662,Zavolzhye,RU,56.6428,43.3936,-2.88,100,98,2.55,overcast clouds
663,Matagami,CA,49.7502,-77.6328,33.91,100,100,6.91,mist
664,Dossor,KZ,47.5272,52.9811,27.46,93,91,7.92,overcast clouds
665,Calvinia,ZA,-31.4707,19.776,56.39,51,49,11.21,scattered clouds
666,Bagotville,AU,-28.9833,153.4167,71.85,99,98,11.3,overcast clouds
667,Ashqelon,IL,31.6693,34.5715,52.09,60,0,2.75,clear sky
668,Sungaipenuh,ID,-2.0833,101.3833,76.62,63,89,5.84,overcast clouds
669,Albury,AU,-36.0833,146.9167,85.32,47,73,1.57,light rain
670,Stege,DK,54.987,12.2846,44.06,78,98,27.63,overcast clouds
671,Gat,IL,31.61,34.7642,54.39,100,0,3.24,clear sky
672,Gornyy,RU,55.1153,83.9059,-3.64,99,89,2.71,overcast clouds
673,Tweed,CA,44.4751,-77.3162,42.06,97,100,6.96,overcast clouds
674,Akdepe,TM,42.0551,59.3788,37.49,95,97,12.68,overcast clouds
675,Ada,US,43.4166,-116.1262,34.68,77,100,7.0,overcast clouds
676,Alta Floresta,BR,-9.8756,-56.0861,70.56,99,100,2.77,overcast clouds
677,Ampanihy,MG,-24.7,44.75,82.81,58,6,1.81,clear sky
678,Coihaique,CL,-45.5752,-72.0662,52.41,62,0,2.3,clear sky
679,Nobeoka,JP,32.5833,131.6667,52.29,44,17,4.25,few clouds
680,Catamarca,AR,-28.4696,-65.7852,72.07,58,0,11.23,clear sky
681,Hermosillo,MX,29.0667,-110.9667,64.29,62,100,0.0,overcast clouds
682,Yenagoa,NG,4.9247,6.2642,72.14,94,100,4.21,overcast clouds
683,Obo,CF,5.3998,26.4869,66.47,37,29,4.16,scattered clouds
684,Urumqi,CN,43.801,87.6005,2.35,85,34,0.0,mist
685,Beringovskiy,RU,63.05,179.3167,-12.53,86,100,15.35,overcast clouds
686,Oyama,JP,36.3,139.8,50.74,25,7,6.8,clear sky
687,Yakuplu,TR,40.9889,28.6758,49.35,87,100,6.91,overcast clouds
688,Aloleng,PH,16.1307,119.7824,83.61,64,93,12.24,overcast clouds
689,Barra Do Corda,BR,-5.5,-45.25,71.78,95,43,0.63,scattered clouds
690,Mizdah,LY,31.4451,12.9801,49.91,41,99,3.29,overcast clouds
691,Beaupre,CA,47.0443,-70.8953,37.78,95,100,0.0,overcast clouds
692,Noshiro,JP,40.2039,140.0242,32.83,74,100,19.53,light snow
693,Mackay,AU,-21.15,149.2,90.68,68,90,17.07,overcast clouds
694,Lethem,GY,3.3803,-59.7968,77.43,73,99,9.15,overcast clouds
695,Havelock,US,34.8791,-76.9013,58.93,87,0,3.44,clear sky
696,Nizwa,OM,22.9333,57.5333,67.06,41,89,1.68,overcast clouds
697,Nusaybin,TR,37.0778,41.2178,38.79,65,0,4.61,clear sky
698,Santa Maria,BR,-29.6842,-53.8069,62.19,40,0,4.76,clear sky
